dataset,model,pr(Y=1|S=0),DP,"t(P(S=1), DP)",I_v(X_to_S)
census_income,sgd_lr,0.05,0.0193816557463761,4.171592324327818e-05,0.2245198366626446
census_income,mlp_one_layer,0.05,0.0602496838058664,0.0004031399703602,0.3961388166063415
census_income,mlp_two_layer,0.05,0.0680918588546077,0.0005149259776907,0.371009604212749
census_income,sgd_lr,0.0699999999999999,0.0147821903972784,2.4265901320161727e-05,0.2260320669230413
census_income,mlp_one_layer,0.0699999999999999,0.049289900846004,0.000269806579447,0.4072006022069783
census_income,mlp_two_layer,0.0699999999999999,0.0443276148312119,0.0002182135090156,0.3999606496840325
census_income,sgd_lr,0.0899999999999999,0.0030827017094356,1.0553102765221345e-06,0.2257203604589876
census_income,mlp_one_layer,0.0899999999999999,0.0431256694601819,0.0002065398034445,0.3942586645153185
census_income,mlp_two_layer,0.0899999999999999,0.026544051626527,7.824510614821666e-05,0.3605464296218544
census_income,sgd_lr,0.1099999999999999,0.0014270776324117,2.261581792315189e-07,0.22617209864137
census_income,mlp_one_layer,0.1099999999999999,0.0275621406826939,8.436243200371675e-05,0.4126165595400164
census_income,mlp_two_layer,0.1099999999999999,0.0403867810978586,0.0001811376373034,0.3839364334665477
census_income,sgd_lr,0.13,0.0098939972543851,1.0870798441807968e-05,0.2351431371553825
census_income,mlp_one_layer,0.13,0.0196554019003242,4.290264340710052e-05,0.4094001149017415
census_income,mlp_two_layer,0.13,0.0096121487850093,1.026027018588356e-05,0.3765887444124886
census_income,sgd_lr,0.15,0.0198320221850568,4.367714576841044e-05,0.2326691465573399
census_income,mlp_one_layer,0.15,0.0050281236973871,2.8075609572862736e-06,0.4146261520822034
census_income,mlp_two_layer,0.15,0.0018962985157984,3.993286992277124e-07,0.3739722772087225
census_income,sgd_lr,0.17,0.0294996132290937,9.663995854556536e-05,0.245280065079787
census_income,mlp_one_layer,0.17,0.0123829877874156,1.702821825794685e-05,0.4276798522330501
census_income,mlp_two_layer,0.17,0.0036365128042062,1.468545588079857e-06,0.3944017924004759
census_income,sgd_lr,0.1899999999999999,0.0458747494142382,0.0002337122302678,0.243531055589795
census_income,mlp_one_layer,0.1899999999999999,0.0427617786773556,0.0002030688599891,0.4253367966385812
census_income,mlp_two_layer,0.1899999999999999,0.0694970755227522,0.000536400332383,0.4162002951785382
census_income,sgd_lr,0.2099999999999999,0.0502144820480207,0.0002800240694716,0.2471802003548518
census_income,mlp_one_layer,0.2099999999999999,0.0660717324992534,0.0004848234620015,0.4272397592707483
census_income,mlp_two_layer,0.2099999999999999,0.063227921700039,0.0004439837661712,0.4174087464066501
census_income,sgd_lr,0.2299999999999999,0.0660426355048557,0.0004843965036142,0.2505966822556
census_income,mlp_one_layer,0.2299999999999999,0.0768326775044053,0.0006556265939293,0.4321309282329943
census_income,mlp_two_layer,0.2299999999999999,0.0955544786440291,0.0010141278776764,0.4133175990566652
census_income,sgd_lr,0.25,0.0862919014554612,0.00082702213524,0.2556294159620374
census_income,mlp_one_layer,0.25,0.0965312917536773,0.0010349714607099,0.4406407827685364
census_income,mlp_two_layer,0.25,0.1100938034103104,0.0013462957437372,0.4299103752753091
census_income,sgd_lr,0.27,0.1067256352164337,0.0012651625642539,0.2588756226591786
census_income,mlp_one_layer,0.27,0.1309735721834772,0.0019055600646691,0.4498222590677231
census_income,mlp_two_layer,0.27,0.1536307035969185,0.0026221850834448,0.4349121783017855
census_income,sgd_lr,0.29,0.1397695783025088,0.0021702002562019,0.2614391977587182
census_income,mlp_one_layer,0.29,0.1568513994584188,0.0027333306203307,0.452146991753226
census_income,mlp_two_layer,0.29,0.1565977816981434,0.002724494533483,0.4299679397513101
census_income,sgd_lr,0.31,0.1430930563666363,0.0022746742030564,0.2638989610881619
census_income,mlp_one_layer,0.31,0.1840159151896502,0.0037627111141482,0.4571926210135001
census_income,mlp_two_layer,0.31,0.1620174153919533,0.0029164333866309,0.4234692617715352
census_income,sgd_lr,0.3299999999999999,0.1533122163552626,0.0026113196629462,0.2735948903189895
census_income,mlp_one_layer,0.3299999999999999,0.2035291443852992,0.0046036722347329,0.4630850092485284
census_income,mlp_two_layer,0.3299999999999999,0.2190070128342714,0.0053311398728858,0.4473817298927796
census_income,sgd_lr,0.35,0.1807505291984007,0.003630275984493,0.2813001287435193
census_income,mlp_one_layer,0.35,0.2258173401780063,0.0056681730498683,0.4634309679088672
census_income,mlp_two_layer,0.35,0.2138752406489598,0.0050840182489942,0.4441759622400168
census_income,sgd_lr,0.37,0.2063346857575563,0.0047315665676951,0.2820665429885278
census_income,mlp_one_layer,0.37,0.2584950993731152,0.0074295276290946,0.4655343644333125
census_income,mlp_two_layer,0.37,0.2604970337372261,0.0075451964378156,0.4428204965414064
census_income,sgd_lr,0.39,0.21130797869142,0.0049625974507905,0.2821574747944837
census_income,mlp_one_layer,0.39,0.2683609168763586,0.0080082422123849,0.4718825042534588
census_income,mlp_two_layer,0.39,0.2459904239804076,0.0067273173477811,0.4539011451764761
census_income,sgd_lr,0.41,0.2485943756681862,0.006870661183861,0.2923953541680862
census_income,mlp_one_layer,0.41,0.2988400439869099,0.0099338220249413,0.4855786154317277
census_income,mlp_two_layer,0.41,0.275876706199851,0.0084637312881085,0.4536171552854963
census_income,sgd_lr,0.43,0.2705922639703791,0.0081421511388895,0.2893334504499175
census_income,mlp_one_layer,0.43,0.3222148672901882,0.0115517495308901,0.484278324518972
census_income,mlp_two_layer,0.43,0.2975288957104609,0.0098467009892145,0.4516702274125195
census_income,sgd_lr,0.4499999999999999,0.3030883070848889,0.0102187529397474,0.2956293265737778
census_income,mlp_one_layer,0.4499999999999999,0.356470539675357,0.0141446720660351,0.4765197503512515
census_income,mlp_two_layer,0.4499999999999999,0.3246842390091327,0.0117298376588104,0.4667436096318877
census_income,sgd_lr,0.47,0.3114679866816279,0.0107926515425222,0.3146920309095071
census_income,mlp_one_layer,0.47,0.376358207951276,0.0157712833079372,0.4988180892218895
census_income,mlp_two_layer,0.47,0.3739800000203832,0.015572074346386,0.4626051275780578
census_income,sgd_lr,0.49,0.3320883284872314,0.0122720273587647,0.3140214922633264
census_income,mlp_one_layer,0.49,0.3813382273356835,0.0161925661232578,0.4988852775977984
census_income,mlp_two_layer,0.49,0.4003219014248864,0.017849854639289,0.476474194982265
census_income,sgd_lr,0.51,0.3642187992062788,0.014767798478308,0.3215782907754431
census_income,mlp_one_layer,0.51,0.4314238876641992,0.0207412838092035,0.5060486393450688
census_income,mlp_two_layer,0.51,0.4353910157042236,0.0211258553949932,0.4786478672891515
census_income,sgd_lr,0.53,0.4039751793974934,0.0181781349195612,0.3181751643434987
census_income,mlp_one_layer,0.53,0.4548146098505811,0.0230603394652523,0.504569138494101
census_income,mlp_two_layer,0.53,0.4715623506294836,0.024797178491369,0.4661726939811857
census_income,sgd_lr,0.55,0.4082093780988809,0.0185623937492017,0.3354965367597244
census_income,mlp_one_layer,0.55,0.4559125500279758,0.0231722479073346,0.5206022455173193
census_income,mlp_two_layer,0.55,0.4525909064503604,0.022834526284613,0.4872278171906979
census_income,sgd_lr,0.5700000000000001,0.4232136942379797,0.0199567276848927,0.3358385076200575
census_income,mlp_one_layer,0.5700000000000001,0.4799310233071511,0.0256889872160278,0.5196445690914179
census_income,mlp_two_layer,0.5700000000000001,0.4922607090698032,0.0270319938998527,0.4886718873123258
census_income,sgd_lr,0.5900000000000001,0.4460507072455082,0.0221768934810722,0.3430896055138877
census_income,mlp_one_layer,0.5900000000000001,0.502679318508644,0.0281938861149141,0.5251843750936108
census_income,mlp_two_layer,0.5900000000000001,0.485807698932227,0.0263247768120481,0.4975855937964806
census_income,sgd_lr,0.61,0.4868166155558341,0.0264347223179211,0.3478398932019944
census_income,mlp_one_layer,0.61,0.5293054124486216,0.0312760349255604,0.5374982296915704
census_income,mlp_two_layer,0.61,0.5223944431365235,0.0304604459851382,0.4846398936641158
census_income,sgd_lr,0.63,0.5035713885330324,0.0282945230941593,0.3652898094621411
census_income,mlp_one_layer,0.63,0.5525866259818325,0.034104168606932,0.5513891543401553
census_income,mlp_two_layer,0.63,0.5815759462128555,0.0377999615693293,0.4926265385800445
census_income,sgd_lr,0.65,0.5323747122149285,0.0316417652656528,0.360329658530919
census_income,mlp_one_layer,0.65,0.5768865400667142,0.0371889868583802,0.5506723338719103
census_income,mlp_two_layer,0.65,0.575127216543807,0.0369610762968843,0.5209328360819586
census_income,sgd_lr,0.6699999999999999,0.5470018375439896,0.0334143962594487,0.374950733856784
census_income,mlp_one_layer,0.6699999999999999,0.5842664754724057,0.038152797350956,0.5639505690297959
census_income,mlp_two_layer,0.6699999999999999,0.6075804040150795,0.0412802435004942,0.5211554502389351
census_income,sgd_lr,0.69,0.574987133115437,0.0369429599519034,0.38221955787503
census_income,mlp_one_layer,0.69,0.5971361117650715,0.0398636503725863,0.5689363586924069
census_income,mlp_two_layer,0.69,0.6101232061524601,0.0416289554892075,0.5246575387794785
census_income,sgd_lr,0.71,0.599547391411138,0.0401884584772102,0.3944744785487756
census_income,mlp_one_layer,0.71,0.6492704858637527,0.047186926369823,0.5832488289240034
census_income,mlp_two_layer,0.71,0.6535004040966123,0.0478088180233605,0.5552449652297813
census_income,sgd_lr,0.73,0.6000136057749635,0.0402514144330383,0.4048870777117809
census_income,mlp_one_layer,0.73,0.6389509896545151,0.0456872236443599,0.5902964265505839
census_income,mlp_two_layer,0.73,0.653557629884193,0.0478172600843897,0.5464817631305381
census_income,sgd_lr,0.75,0.6199789849378465,0.0429947098918383,0.3961624385508838
census_income,mlp_one_layer,0.75,0.6546959287648504,0.0479853428834082,0.588865568597057
census_income,mlp_two_layer,0.75,0.6585342860433285,0.048554348333248,0.5529141266502596
census_income,sgd_lr,0.77,0.6406084991760098,0.0459264331870627,0.4164218395935928
census_income,mlp_one_layer,0.77,0.6763257986895651,0.0512367394042063,0.5983821000738437
census_income,mlp_two_layer,0.77,0.6336604834279622,0.0449279811768003,0.5432804788375681
census_income,sgd_lr,0.79,0.6543160371830032,0.0479292139620455,0.4246893757342435
census_income,mlp_one_layer,0.79,0.705426767808023,0.0557840334624822,0.6147265889758543
census_income,mlp_two_layer,0.79,0.6857795701390439,0.0526921959231904,0.5637391373291609
census_income,sgd_lr,0.81,0.6749232318352713,0.0510225897972808,0.4418664957606579
census_income,mlp_one_layer,0.81,0.7243920970321066,0.0588546728744946,0.6253194448059517
census_income,mlp_two_layer,0.81,0.6931295422650405,0.0538382360680533,0.5922717298932398
census_income,sgd_lr,0.83,0.6830061832387043,0.0522630487033996,0.4520076307126125
census_income,mlp_one_layer,0.83,0.7360903627289413,0.0607910142684635,0.6312393687678134
census_income,mlp_two_layer,0.83,0.7369288759387731,0.0609310499779454,0.5633156410918065
census_income,sgd_lr,0.85,0.6967222821827536,0.054403044457526,0.4606237645359545
census_income,mlp_one_layer,0.85,0.7488832053778991,0.0629455715907156,0.6334421167762714
census_income,mlp_two_layer,0.85,0.7228995384228104,0.0586099427749577,0.5683325365485433
census_income,sgd_lr,0.87,0.7004771193669799,0.0549965753154631,0.4699339934966681
census_income,mlp_one_layer,0.87,0.7586343165161878,0.0646138826704511,0.6554784258865876
census_income,mlp_two_layer,0.87,0.7333741506582239,0.0603385350736012,0.557188887088254
census_income,sgd_lr,0.89,0.7154918309296464,0.057403097375109,0.4943054718913188
census_income,mlp_one_layer,0.89,0.7716116269755127,0.066869174219279,0.6674682406667986
census_income,mlp_two_layer,0.89,0.7215391647582912,0.0583873443367111,0.5730262012616706
census_income,sgd_lr,0.91,0.7082737380006747,0.0562395783692002,0.50483930828456
census_income,mlp_one_layer,0.91,0.7751957549982114,0.0674991074461599,0.6760126667175864
census_income,mlp_two_layer,0.91,0.7788952008813688,0.0681525161324039,0.6260049758566474
census_income,sgd_lr,0.93,0.7219956461520117,0.0584619898986083,0.526436383172697
census_income,mlp_one_layer,0.93,0.7948111549009836,0.0710008644059697,0.6914057484676809
census_income,mlp_two_layer,0.93,0.7914206671212117,0.070389028621178,0.591440690661363
census_income,sgd_lr,0.95,0.7180089502558599,0.0578117294512231,0.5407049921570506
census_income,mlp_one_layer,0.95,0.8042006683645858,0.0727096068059365,0.7041743465552958
census_income,mlp_two_layer,0.95,0.7890944872661158,0.0699708421374015,0.6219027220100574
dutch_census,sgd_lr,0.05,0.3769437058427992,0.0177939141792013,0.1866952119820277
dutch_census,mlp_one_layer,0.05,0.4228045120889583,0.0223985940295876,0.2324304071967446
dutch_census,mlp_two_layer,0.05,0.4099219405454167,0.02105128372373,0.2296954528297153
dutch_census,sgd_lr,0.0699999999999999,0.3722727627383579,0.0173548060408718,0.1781351816171248
dutch_census,mlp_one_layer,0.0699999999999999,0.404666033704782,0.0205136867873514,0.224146592433248
dutch_census,mlp_two_layer,0.0699999999999999,0.416212766367807,0.0217039444572369,0.2160577946393223
dutch_census,sgd_lr,0.0899999999999999,0.357022720876959,0.0159595781723487,0.1616421375798671
dutch_census,mlp_one_layer,0.0899999999999999,0.384567302170919,0.0185224524067678,0.2083471848152897
dutch_census,mlp_two_layer,0.0899999999999999,0.400687885793337,0.0201114394450378,0.1984601522977551
dutch_census,sgd_lr,0.1099999999999999,0.3451621373071416,0.0149150750364637,0.1585640954014253
dutch_census,mlp_one_layer,0.1099999999999999,0.376005221497209,0.0177052457216829,0.2054253319618904
dutch_census,mlp_two_layer,0.1099999999999999,0.3897962511473529,0.0190306535197864,0.1997101821728748
dutch_census,sgd_lr,0.13,0.3403496106232395,0.014501390235133,0.1516283975257644
dutch_census,mlp_one_layer,0.13,0.3713055671715458,0.0172645710608057,0.195898382735789
dutch_census,mlp_two_layer,0.13,0.3655418443036499,0.0167317463923765,0.1804645535775748
dutch_census,sgd_lr,0.15,0.3270894098112598,0.0133917828226263,0.1438448262394713
dutch_census,mlp_one_layer,0.15,0.3597266165732565,0.0162026708743811,0.181447802386099
dutch_census,mlp_two_layer,0.15,0.3573882958158764,0.0159923370521151,0.1875516330135346
dutch_census,sgd_lr,0.17,0.3138660294967252,0.0123294204016081,0.1345720231851891
dutch_census,mlp_one_layer,0.17,0.3489309782241824,0.0152431272901496,0.1802154957077149
dutch_census,mlp_two_layer,0.17,0.3551606557204588,0.015793243981015,0.1792553568013263
dutch_census,sgd_lr,0.1899999999999999,0.3077468134927836,0.011852722155519,0.1326710886303584
dutch_census,mlp_one_layer,0.1899999999999999,0.3235077397562308,0.0130996788669041,0.1640184146063994
dutch_census,mlp_two_layer,0.1899999999999999,0.3287579481865467,0.0135289655672205,0.1750553186278057
dutch_census,sgd_lr,0.2099999999999999,0.3024801673403941,0.0114499951720658,0.1280820431768881
dutch_census,mlp_one_layer,0.2099999999999999,0.3216458937693582,0.0129491134777274,0.1714602091847723
dutch_census,mlp_two_layer,0.2099999999999999,0.3207440107515852,0.0128764934601069,0.1684216578980453
dutch_census,sgd_lr,0.2299999999999999,0.2814550057904615,0.0099118577314066,0.1150825964671913
dutch_census,mlp_one_layer,0.2299999999999999,0.3052824701995058,0.0116634102400313,0.1633287999975767
dutch_census,mlp_two_layer,0.2299999999999999,0.2994602290410277,0.0112222200974205,0.1564113270881059
dutch_census,sgd_lr,0.25,0.2631874364956004,0.0086657700892251,0.1093910913321436
dutch_census,mlp_one_layer,0.25,0.279282158101956,0.0097592424886112,0.1633177208452198
dutch_census,mlp_two_layer,0.25,0.28493235110273,0.010158569572089,0.1650338472201385
dutch_census,sgd_lr,0.27,0.2539674085996901,0.008068707369056,0.1056961812847405
dutch_census,mlp_one_layer,0.27,0.2857553330545495,0.0102174040943175,0.1562713944524695
dutch_census,mlp_two_layer,0.27,0.2679879088499818,0.0089850954126089,0.1468718974550265
dutch_census,sgd_lr,0.29,0.2377657322150422,0.0070712843420147,0.1037301948209564
dutch_census,mlp_one_layer,0.29,0.2602124279699019,0.008470781856142,0.1540638320917669
dutch_census,mlp_two_layer,0.29,0.2578041921013019,0.0083145706092194,0.1457046260252856
dutch_census,sgd_lr,0.31,0.2240514119345752,0.0062785134729042,0.0959554910552715
dutch_census,mlp_one_layer,0.31,0.2325420433096717,0.0067637551956286,0.1482285856410008
dutch_census,mlp_two_layer,0.31,0.2329275626847052,0.0067862173064244,0.1435948693668911
dutch_census,sgd_lr,0.3299999999999999,0.2179387710194631,0.005940378456262,0.0994705136812502
dutch_census,mlp_one_layer,0.3299999999999999,0.2395081307548465,0.0071753870158188,0.1483062509903996
dutch_census,mlp_two_layer,0.3299999999999999,0.2371932611476247,0.0070372474647588,0.1425794510252338
dutch_census,sgd_lr,0.35,0.2061849230583105,0.0053165362991735,0.091131364682561
dutch_census,mlp_one_layer,0.35,0.2257394564067227,0.0063735442127647,0.1372066429077402
dutch_census,mlp_two_layer,0.35,0.2338879639930601,0.0068423369449709,0.1320972030139414
dutch_census,sgd_lr,0.37,0.1943298187291843,0.0047224259659153,0.0887298428472765
dutch_census,mlp_one_layer,0.37,0.2153913624373065,0.0058022309331244,0.1346011646976782
dutch_census,mlp_two_layer,0.37,0.1933584589394469,0.0046753092504274,0.1317293339452835
dutch_census,sgd_lr,0.39,0.1730640089280939,0.0037450064098972,0.0835987319790887
dutch_census,mlp_one_layer,0.39,0.1951499514758444,0.0047623914874923,0.130568121901498
dutch_census,mlp_two_layer,0.39,0.175485833313608,0.0038505988046735,0.1213872955490529
dutch_census,sgd_lr,0.41,0.16602143128287,0.0034462987589332,0.0744276106950906
dutch_census,mlp_one_layer,0.41,0.1701992427251025,0.0036219992053361,0.1297767929070506
dutch_census,mlp_two_layer,0.41,0.1734319947329154,0.0037609560197599,0.1269818555270952
dutch_census,sgd_lr,0.43,0.1336198318705952,0.0022320699985334,0.0760069178911406
dutch_census,mlp_one_layer,0.43,0.1232620944375624,0.0018993674286157,0.1233081698084481
dutch_census,mlp_two_layer,0.43,0.1390832923486129,0.0024183819444181,0.1187659864149106
dutch_census,sgd_lr,0.4499999999999999,0.1356502193011294,0.0023004366097459,0.0737364649929579
dutch_census,mlp_one_layer,0.4499999999999999,0.1212420079795277,0.0018376092099107,0.1352953785846735
dutch_census,mlp_two_layer,0.4499999999999999,0.1437215791785346,0.0025824198429996,0.1297120831668204
dutch_census,sgd_lr,0.47,0.1189624246823574,0.0017691441729849,0.0737331401567901
dutch_census,mlp_one_layer,0.47,0.1166420758344445,0.0017007903799459,0.1331524389623252
dutch_census,mlp_two_layer,0.47,0.1084363649752908,0.0014698704556854,0.1251541986936595
dutch_census,sgd_lr,0.49,0.1021933181317279,0.0013054679727049,0.0686843694429102
dutch_census,mlp_one_layer,0.49,0.0821029150437155,0.0008425894625462,0.1167975020685002
dutch_census,mlp_two_layer,0.49,0.0965372075510072,0.0011649409160133,0.1152262189768496
dutch_census,sgd_lr,0.51,0.0899395442499094,0.0010111332059273,0.071856323490198
dutch_census,mlp_one_layer,0.51,0.0896561579213601,0.0010047706683354,0.1161188973744987
dutch_census,mlp_two_layer,0.51,0.0799966949220151,0.0007999095793541,0.1185314361217163
dutch_census,sgd_lr,0.53,0.0807852672422938,0.000815759060604,0.0640486139224696
dutch_census,mlp_one_layer,0.53,0.0774440262687948,0.0007496701701636,0.1166284711513453
dutch_census,mlp_two_layer,0.53,0.0767591211823938,0.0007364677492714,0.1054188025781794
dutch_census,sgd_lr,0.55,0.0549648934090433,0.0003776132280272,0.0598062415484818
dutch_census,mlp_one_layer,0.55,0.0619285699883138,0.000479361814135,0.100024911312408
dutch_census,mlp_two_layer,0.55,0.0544077642155612,0.0003699966663268,0.1115603200032518
dutch_census,sgd_lr,0.5700000000000001,0.039128572793685,0.0001913618856593,0.059781664510093
dutch_census,mlp_one_layer,0.5700000000000001,0.0420875819365653,0.0002213995975077,0.1084373666015937
dutch_census,mlp_two_layer,0.5700000000000001,0.0351488906948466,0.0001544147880216,0.1097576542770313
dutch_census,sgd_lr,0.5900000000000001,0.0266661494263454,8.887571259658943e-05,0.0645450537173418
dutch_census,mlp_one_layer,0.5900000000000001,0.0329363733037366,0.0001355864490617,0.1201096136590084
dutch_census,mlp_two_layer,0.5900000000000001,0.0302234916527055,0.0001141702553111,0.1121641756552069
dutch_census,sgd_lr,0.61,0.0178754748309982,3.9936986383676485e-05,0.0608695979312129
dutch_census,mlp_one_layer,0.61,0.0170597254768911,3.637508534763213e-05,0.1076735761132428
dutch_census,mlp_two_layer,0.61,0.0144667296121836,2.615773767118103e-05,0.1109157203586573
dutch_census,sgd_lr,0.63,0.0044668961811007,2.493848267513957e-06,0.0587083170335058
dutch_census,mlp_one_layer,0.63,0.0002272789038714,6.4561920546002906e-09,0.0989305880024193
dutch_census,mlp_two_layer,0.63,0.0057538602346517,4.1378715488212284e-06,0.1018109135674664
dutch_census,sgd_lr,0.65,0.0054441735507846,3.7044376523846735e-06,0.0558119578487957
dutch_census,mlp_one_layer,0.65,0.0064854484517419,5.257005915189329e-06,0.1087227195711033
dutch_census,mlp_two_layer,0.65,0.0085995586800378,9.242957649760936e-06,0.1057414325730447
dutch_census,sgd_lr,0.6699999999999999,0.0181834081578442,4.13247997783181e-05,0.0559918652274814
dutch_census,mlp_one_layer,0.6699999999999999,0.0240788519719568,7.246582494596841e-05,0.1001646582184242
dutch_census,mlp_two_layer,0.6699999999999999,0.0237950273041521,7.076752708763726e-05,0.1024176317800024
dutch_census,sgd_lr,0.69,0.0281650505098323,9.914801957866248e-05,0.0604415277467433
dutch_census,mlp_one_layer,0.69,0.0306186544913554,0.000117175293385,0.1036191443695179
dutch_census,mlp_two_layer,0.69,0.0306059426529519,0.000117078017812,0.1099047122057969
dutch_census,sgd_lr,0.71,0.0380158485941144,0.000180632664258,0.0535974995194325
dutch_census,mlp_one_layer,0.71,0.0522322864915238,0.000340998702806,0.1032147156704757
dutch_census,mlp_two_layer,0.71,0.0406785404004141,0.0002068230300467,0.1081442340475184
dutch_census,sgd_lr,0.73,0.0535023744837459,0.0003577845441208,0.0622790117333083
dutch_census,mlp_one_layer,0.73,0.0615362563548232,0.0004733072785609,0.1050019054148446
dutch_census,mlp_two_layer,0.73,0.0543790529943393,0.0003696062555179,0.112903288736856
dutch_census,sgd_lr,0.75,0.0624552346035528,0.0004875502857823,0.0572397749457389
dutch_census,mlp_one_layer,0.75,0.0721927219903407,0.0006514430788377,0.1121543341241229
dutch_census,mlp_two_layer,0.75,0.0798588372262242,0.0007971547545378,0.1039069764911244
dutch_census,sgd_lr,0.77,0.073907066817806,0.0006827521639135,0.0636853938768359
dutch_census,mlp_one_layer,0.77,0.0839290363812814,0.0008804915116177,0.1160488812387473
dutch_census,mlp_two_layer,0.77,0.081040599858504,0.0008209243118589,0.1078125057232383
dutch_census,sgd_lr,0.79,0.0780774264926986,0.0007619841855917,0.0596359228336501
dutch_census,mlp_one_layer,0.79,0.086206647151803,0.000928933334105,0.1002729481751883
dutch_census,mlp_two_layer,0.79,0.0927190534677456,0.0010746030070331,0.1055607513713325
dutch_census,sgd_lr,0.81,0.0867252024908189,0.0009401436676162,0.0616090665851163
dutch_census,mlp_one_layer,0.81,0.1136357260519923,0.0016142318533739,0.1183287066916122
dutch_census,mlp_two_layer,0.81,0.0977163401477554,0.0011935763439633,0.115587422896687
dutch_census,sgd_lr,0.83,0.1047245081614386,0.0013709481859809,0.0665978798277844
dutch_census,mlp_one_layer,0.83,0.1214605200982932,0.0018442403135979,0.1175702691002619
dutch_census,mlp_two_layer,0.83,0.1229771739216196,0.0018905949514345,0.1291788056017614
dutch_census,sgd_lr,0.85,0.1137992265942179,0.0016188811871037,0.0605746727446455
dutch_census,mlp_one_layer,0.85,0.1319100896053106,0.0021753004874953,0.1145677519140362
dutch_census,mlp_two_layer,0.85,0.126639060060368,0.0020048890938606,0.1168387149377261
dutch_census,sgd_lr,0.87,0.1203508642735097,0.0018106897568938,0.0679818557691862
dutch_census,mlp_one_layer,0.87,0.1503646105925558,0.0028267406061597,0.1235753498999961
dutch_census,mlp_two_layer,0.87,0.1405414278813573,0.0024693699122329,0.1165099554157992
dutch_census,sgd_lr,0.89,0.1358084597722915,0.0023058081884771,0.0716502035753617
dutch_census,mlp_one_layer,0.89,0.1574006131489502,0.0030975663000305,0.1225410089969364
dutch_census,mlp_two_layer,0.89,0.1534080000420806,0.0029423632713331,0.1333819773631111
dutch_census,sgd_lr,0.91,0.1374009462867843,0.002360215209232,0.0688536775058718
dutch_census,mlp_one_layer,0.91,0.1639456757394125,0.0033606277583595,0.119662513646907
dutch_census,mlp_two_layer,0.91,0.158523857490648,0.0031419493424003,0.13004860570039
dutch_census,sgd_lr,0.93,0.1523441506694755,0.0029016824122801,0.076605683293295
dutch_census,mlp_one_layer,0.93,0.1812780482330982,0.004109103388357,0.1373663353246911
dutch_census,mlp_two_layer,0.93,0.1715114112858331,0.0036780857862048,0.1397852845425355
dutch_census,sgd_lr,0.95,0.1615400699063444,0.0032626935194839,0.0792984519507817
dutch_census,mlp_one_layer,0.95,0.1872322295074205,0.0043836019807999,0.1260161034143608
dutch_census,mlp_two_layer,0.95,0.1889579711555237,0.00446482309058,0.1283343302925554
german_data,sgd_lr,0.05,0.4254394827237825,0.0199745663959106,0.4179247303108706
german_data,mlp_one_layer,0.05,0.4290765811275005,0.0203187647205372,0.8723808081373005
german_data,mlp_two_layer,0.05,0.4445342493433017,0.0218147757535601,0.8721519057547222
german_data,sgd_lr,0.0699999999999999,0.3403717922812689,0.0127693125839592,0.2767506115346403
german_data,mlp_one_layer,0.0699999999999999,0.4794908062234795,0.0253963183457405,0.8662524317075305
german_data,mlp_two_layer,0.0699999999999999,0.4643362295413215,0.023809799137322,0.8370601601190998
german_data,sgd_lr,0.0899999999999999,0.3648211759951505,0.0146745052558963,0.4272989697520653
german_data,mlp_one_layer,0.0899999999999999,0.2493433016771064,0.0068456064153346,0.9004405998921156
german_data,mlp_two_layer,0.0899999999999999,0.4209941402303495,0.01955791386853,0.8817632544134759
german_data,sgd_lr,0.1099999999999999,0.4712063043038998,0.0245225992933053,0.4357812026715492
german_data,mlp_one_layer,0.1099999999999999,0.2449989896948878,0.006608872675255,0.9080766099330976
german_data,mlp_two_layer,0.1099999999999999,0.2499494847443927,0.0068789713849791,0.8902024732194892
german_data,sgd_lr,0.13,0.3762376237623762,0.0156098265684111,0.3703215393645182
german_data,mlp_one_layer,0.13,0.3245100020206102,0.0116045740809484,0.7762850185037832
german_data,mlp_two_layer,0.13,0.2418670438472419,0.0064407970423673,0.9027227529117215
german_data,sgd_lr,0.15,0.4121034552434836,0.0187379146633194,0.4413646641795022
german_data,mlp_one_layer,0.15,0.3081430592038796,0.0104614554361943,0.8991213302954657
german_data,mlp_two_layer,0.15,0.3956354819155384,0.0172658726619183,0.8525424522032993
german_data,sgd_lr,0.17,0.31713477470196,0.0110820878046484,0.3661429591572705
german_data,mlp_one_layer,0.17,0.1491210345524348,0.0024466137913756,0.9071130589269536
german_data,mlp_two_layer,0.17,0.2236815518286523,0.0055077821531127,0.6249340506050413
german_data,sgd_lr,0.1899999999999999,0.4034148312790462,0.0179536805642137,0.485622027722218
german_data,mlp_one_layer,0.1899999999999999,0.3813901798343099,0.0160415035956769,0.8245166943229966
german_data,mlp_two_layer,0.1899999999999999,0.2864214992927865,0.0090363234979327,0.904645673164271
german_data,sgd_lr,0.2099999999999999,0.4325116185087896,0.0206465697027435,0.363590033749177
german_data,mlp_one_layer,0.2099999999999999,0.127500505152556,0.0017883900813988,0.0403577340803789
german_data,mlp_two_layer,0.2099999999999999,0.225197009496868,0.0055827382340199,0.8520968106352551
german_data,sgd_lr,0.2299999999999999,0.3573449181652859,0.0140777682166989,0.423367176954901
german_data,mlp_one_layer,0.2299999999999999,0.3114770660739542,0.0106894798319477,0.7056579256365919
german_data,mlp_two_layer,0.2299999999999999,0.2678318852293392,0.0078998708093844,0.9063055665253992
german_data,sgd_lr,0.25,0.3140028288543139,0.0108638713997924,0.4166196508559111
german_data,mlp_one_layer,0.25,0.1617498484542331,0.0028787745418498,0.8949225817509614
german_data,mlp_two_layer,0.25,0.1153768438068296,0.0014643724689053,0.9013280357756912
german_data,sgd_lr,0.27,0.3034956556880177,0.0101477269702478,0.3506542799467206
german_data,mlp_one_layer,0.27,0.2159022024651444,0.0051310043881771,0.5855864286901228
german_data,mlp_two_layer,0.27,0.227015558698727,0.005673356195373,0.9004013466274898
german_data,sgd_lr,0.29,0.2536876136593252,0.0070865208877223,0.4043347528553828
german_data,mlp_one_layer,0.29,0.2028692665184885,0.0045297663455057,0.8837903699071576
german_data,mlp_two_layer,0.29,0.1843806829662558,0.0037412366163194,0.907601455735911
german_data,sgd_lr,0.31,0.2307536876136593,0.0058619243758536,0.3917705503033777
german_data,mlp_one_layer,0.31,0.2177207516670034,0.0052178836175269,0.909076716826684
german_data,mlp_two_layer,0.31,0.0185896140634471,3.800568137877124e-05,0.9061641851927608
german_data,sgd_lr,0.3299999999999999,0.2808648211759951,0.0086885876963353,0.3868076055705135
german_data,mlp_one_layer,0.3299999999999999,0.1929682764194786,0.0040981027926866,0.9108817242599252
german_data,mlp_two_layer,0.3299999999999999,0.0447565164679732,0.0002203098596814,0.8966603401185326
german_data,sgd_lr,0.35,0.2357041826631642,0.0061164091370801,0.3531956339221641
german_data,mlp_one_layer,0.35,0.0714285714285714,0.0005611652220669,0.9057099943358584
german_data,mlp_two_layer,0.35,0.1011315417256011,0.0011250249811579,0.9006907334627721
german_data,sgd_lr,0.37,0.2310567791473025,0.0058773492058744,0.4073505147474324
german_data,mlp_one_layer,0.37,0.0015154576682157,2.525762889971043e-07,0.9103403695111204
german_data,mlp_two_layer,0.37,0.0729440290967872,0.0005852320632089,0.8925696876125464
german_data,sgd_lr,0.39,0.252374217013538,0.007013245307642,0.4573119809232123
german_data,mlp_one_layer,0.39,0.1425540513234997,0.0022357898713916,0.89878312972567
german_data,mlp_two_layer,0.39,0.2049909072539907,0.0046250837852652,0.88416521015456
german_data,sgd_lr,0.41,0.1682158011719539,0.0031136587635953,0.3759111117259391
german_data,mlp_one_layer,0.41,0.0884016973125884,0.0008595879161409,0.9075655732693292
german_data,mlp_two_layer,0.41,0.0513234996969084,0.0002897070641006,0.9054908818149202
german_data,sgd_lr,0.43,0.2628813901798343,0.0076101536867932,0.373022956741169
german_data,mlp_one_layer,0.43,0.0973934128106688,0.0010433787408152,0.9023078130526634
german_data,mlp_two_layer,0.43,0.1688219842392402,0.003136152118242,0.9087288648510048
german_data,sgd_lr,0.4499999999999999,0.1038593655283894,0.0011865466936092,0.3759362148720104
german_data,mlp_one_layer,0.4499999999999999,0.1755910284906042,0.0033928366059151,0.7758206029423288
german_data,mlp_two_layer,0.4499999999999999,0.0586987270155587,0.0003789575692751,0.9037261462311792
german_data,sgd_lr,0.47,0.1184077591432611,0.0015423409611624,0.4034806635243969
german_data,mlp_one_layer,0.47,0.0176803394625176,3.4378640916285466e-05,0.8205312106563251
german_data,mlp_two_layer,0.47,0.0432410587997575,0.0002056425236362,0.907504329765062
german_data,sgd_lr,0.49,0.2393412810668822,0.0063068342840687,0.4072896436757282
german_data,mlp_one_layer,0.49,0.0277833905839564,8.489493179159313e-05,0.9069958409892684
german_data,mlp_two_layer,0.49,0.052535865831481,0.000303556391305,0.8820627771158817
german_data,sgd_lr,0.51,0.1496261871085067,0.0024632248791675,0.3950889787898386
german_data,mlp_one_layer,0.51,0.0234390786017377,6.04213632236256e-05,0.9037071519714988
german_data,mlp_two_layer,0.51,0.0085875934532229,8.110516230405757e-06,0.9089472067263988
german_data,sgd_lr,0.53,0.00575873913922,3.6472037403961616e-06,0.4444995762574344
german_data,mlp_one_layer,0.53,0.0560719337239846,0.0003457974709999,0.7153168758016417
german_data,mlp_two_layer,0.53,0.0109112952111537,1.309358371045502e-05,0.888767922272043
german_data,sgd_lr,0.55,0.1013336027480299,0.0011295259505405,0.390248691140218
german_data,mlp_one_layer,0.55,0.1019397858153161,0.0011430828046105,0.618985310185526
german_data,mlp_two_layer,0.55,0.023540109112952,6.0943365083559456e-05,0.8091199640100015
german_data,sgd_lr,0.5700000000000001,0.0255607193372398,7.185490926991235e-05,0.4177967985325557
german_data,mlp_one_layer,0.5700000000000001,0.0217215599110931,5.189085577500142e-05,0.8895389710866998
german_data,mlp_two_layer,0.5700000000000001,0.0653667407557081,0.0004699521858049,0.907148649650914
german_data,sgd_lr,0.5900000000000001,0.0054556476055768,3.2733904044043746e-06,0.3881551143652189
german_data,mlp_one_layer,0.5900000000000001,0.0481915538492625,0.0002554264457215,0.905616614070192
german_data,mlp_two_layer,0.5900000000000001,0.124873711860982,0.0017154380402229,0.9078619004245088
german_data,sgd_lr,0.61,0.0230349565568801,5.835580839515712e-05,0.4260145305506652
german_data,mlp_one_layer,0.61,0.1114366538694685,0.0013660387850843,0.6402783456977568
german_data,mlp_two_layer,0.61,0.0379874722166094,0.0001587075451478,0.8668920442225757
german_data,sgd_lr,0.63,0.053041018387553,0.0003094223916151,0.4237152335490381
german_data,mlp_one_layer,0.63,0.031622550010103,0.0001099782799234,0.8905861882156318
german_data,mlp_two_layer,0.63,0.0001010305112144,1.1225612359335884e-09,0.9077520855213276
german_data,sgd_lr,0.65,0.0326328551222468,0.0001171180479791,0.4779778843163492
german_data,mlp_one_layer,0.65,0.1142655081834714,0.0014362910708655,0.904463194856944
german_data,mlp_two_layer,0.65,0.0363709840371793,0.0001454875730527,0.8875427734012877
german_data,sgd_lr,0.6699999999999999,0.03293594665589,0.0001193037634948,0.3808385529984169
german_data,mlp_one_layer,0.6699999999999999,0.0335421297231763,0.0001237358203355,0.8803070666827477
german_data,mlp_two_layer,0.6699999999999999,0.0443523944231157,0.0002163491664724,0.8990843308356725
german_data,sgd_lr,0.69,0.0267730854718125,7.883293058222302e-05,0.5527857859101071
german_data,mlp_one_layer,0.69,0.0493028894726207,0.0002673435037068,0.906210365018989
german_data,mlp_two_layer,0.69,0.103455243483532,0.0011773289662522,0.9050872451212936
german_data,sgd_lr,0.71,0.0162659123055163,2.909805527032464e-05,0.4531790475296723
german_data,mlp_one_layer,0.71,0.1003232976358859,0.0011071110123855,0.7589174979152635
german_data,mlp_two_layer,0.71,0.1962012527783391,0.0042366727845014,0.905375133079938
german_data,sgd_lr,0.73,0.0969892907658112,0.0010347364230883,0.476805581788238
german_data,mlp_one_layer,0.73,0.0740553647201455,0.0006032023256687,0.8425071734706645
german_data,mlp_two_layer,0.73,0.029804000808244,9.76925313727314e-05,0.9038170716959778
german_data,sgd_lr,0.75,0.0453626995352596,0.0002263182685163,0.4580643787825353
german_data,mlp_one_layer,0.75,0.0455647605576884,0.0002283390366077,0.8434531707285678
german_data,mlp_two_layer,0.75,0.1173974540311173,0.0015161266020509,0.8967130109670893
german_data,sgd_lr,0.77,0.0704182663164275,0.0005454014648372,0.4310913793720572
german_data,mlp_one_layer,0.77,0.1198221863002626,0.0015794188465388,0.9083143994271212
german_data,mlp_two_layer,0.77,0.0780965851687209,0.0006708402226381,0.9101854427450712
german_data,sgd_lr,0.79,0.0317235805213175,0.0001106821525052,0.3831298507561542
german_data,mlp_one_layer,0.79,0.0192968276419478,4.0952444600168445e-05,0.8705712487513922
german_data,mlp_two_layer,0.79,0.0038391594261466,1.6209788758405777e-06,0.9074531617555068
german_data,sgd_lr,0.81,0.0704182663164275,0.0005454014648372,0.5108755986431809
german_data,mlp_one_layer,0.81,0.2914730248535058,0.0093583957412946,0.9071306290344916
german_data,mlp_two_layer,0.81,0.209537280258638,0.0048326855476987,0.9090797459945588
german_data,sgd_lr,0.83,0.0351586179026065,0.0001359498315709,0.5226418678406307
german_data,mlp_one_layer,0.83,0.0653667407557081,0.0004699521858049,0.9086597741339184
german_data,mlp_two_layer,0.83,0.0997171145685996,0.0010937699388394,0.889499657277803
german_data,sgd_lr,0.85,0.1184077591432611,0.0015423409611624,0.4992969416505903
german_data,mlp_one_layer,0.85,0.1631642756112346,0.0029293672566009,0.3530531161860091
german_data,mlp_two_layer,0.85,0.0477874318044049,0.0002511603416798,0.8679670466335119
german_data,sgd_lr,0.87,0.2000404122044857,0.0044042237883958,0.56877161506044
german_data,mlp_one_layer,0.87,0.1313396645787027,0.0018977474394911,0.8898277468840213
german_data,mlp_two_layer,0.87,0.1276015356637704,0.0017912262935344,0.9103248652488332
german_data,sgd_lr,0.89,0.1193170337441907,0.0015661261478586,0.474233127777713
german_data,mlp_one_layer,0.89,0.2611638714891897,0.0075109091371265,0.8644012001829896
german_data,mlp_two_layer,0.89,0.0375833501717518,0.0001553486606765,0.9076268732169428
german_data,sgd_lr,0.91,0.1289149323095574,0.0018283017378055,0.3974791729459442
german_data,mlp_one_layer,0.91,0.1718528995756718,0.0032498352277579,0.8188892311231376
german_data,mlp_two_layer,0.91,0.1768033946251768,0.0034398777917783,0.8955988695761262
german_data,sgd_lr,0.93,0.1134572640937562,0.0014160391187049,0.5137922933248582
german_data,mlp_one_layer,0.93,0.192261062840978,0.0040680983777525,0.8274803206678394
german_data,mlp_two_layer,0.93,0.1857951101232572,0.003798894270138,0.8904134581806545
german_data,sgd_lr,0.95,0.0828450191957971,0.0007549081019962,0.4126809699647543
german_data,mlp_one_layer,0.95,0.2105475853707819,0.0048794397376461,0.8575596070099842
german_data,mlp_two_layer,0.95,0.1143665386946858,0.0014388326828562,0.9047643101856356
compas,sgd_lr,0.050000000000000044,0.17497977408420126,0.0038287313792568518,0.13147187467578927
compas,mlp_one_layer,0.050000000000000044,0.24100672148999286,0.007266136506305313,0.13501520181458354
compas,mlp_two_layer,0.050000000000000044,0.2351309649383323,0.006915888320933596,0.13564828353706362
compas,sgd_lr,0.06999999999999995,0.19146432216726234,0.004584494033321216,0.1268878413355358
compas,mlp_one_layer,0.06999999999999995,0.24355074912695732,0.007420473866264954,0.12720087072866404
compas,mlp_two_layer,0.06999999999999995,0.25349643784925974,0.008039449906382761,0.12919311933666994
compas,sgd_lr,0.08999999999999997,0.1765833393072325,0.003899258714001058,0.1182999342677767
compas,mlp_one_layer,0.08999999999999997,0.2351753424751059,0.006918501124291982,0.12453846388744012
compas,mlp_two_layer,0.08999999999999997,0.2524672203617793,0.007974242845490871,0.12403037955708236
compas,sgd_lr,0.10999999999999999,0.1977701994599595,0.004891614589657719,0.1315588176975187
compas,mlp_one_layer,0.10999999999999999,0.2451986918867622,0.007521316618013443,0.1364180353722596
compas,mlp_two_layer,0.10999999999999999,0.25146019164268574,0.007910699254300895,0.13707791436181507
compas,sgd_lr,0.13,0.2041204542894303,0.005210975206961029,0.11586656194761764
compas,mlp_one_layer,0.13,0.24517650311837536,0.007519954286526679,0.119122362330395
compas,mlp_two_layer,0.13,0.24847238863798515,0.007723668427345828,0.11822877692072264
compas,sgd_lr,0.15000000000000002,0.20403169921588304,0.0052064419243184595,0.1191587276404492
compas,mlp_one_layer,0.15000000000000002,0.23843794484213546,0.007111947339459355,0.12307481056545798
compas,mlp_two_layer,0.15000000000000002,0.25118283203785063,0.007893242605825312,0.12628611436066559
compas,sgd_lr,0.17000000000000004,0.21029319897180662,0.00553110462138668,0.10897691886836888
compas,mlp_one_layer,0.17000000000000004,0.2290887926237707,0.006564762838033033,0.11421078409209351
compas,mlp_two_layer,0.17000000000000004,0.2510607938117232,0.007885567805209263,0.11257767337478876
compas,sgd_lr,0.18999999999999995,0.19454941438719742,0.0047335039896753,0.10105491311080578
compas,mlp_one_layer,0.18999999999999995,0.2289667543976432,0.006557765347218629,0.10184169067839986
compas,mlp_two_layer,0.18999999999999995,0.24903564198934255,0.00775875543434699,0.09719198972374542
compas,sgd_lr,0.20999999999999996,0.19989264049757463,0.004997228862092742,0.09150294425056828
compas,mlp_one_layer,0.20999999999999996,0.2278931593733892,0.006496368150863298,0.09443524020095179
compas,mlp_two_layer,0.20999999999999996,0.22394270518636858,0.00627293945365618,0.09626808501799866
compas,sgd_lr,0.22999999999999998,0.21523702725122124,0.005794395132012617,0.08278884818914918
compas,mlp_one_layer,0.22999999999999998,0.23235139499080018,0.00675322202713579,0.08662485426906431
compas,mlp_two_layer,0.22999999999999998,0.2488470374580547,0.0077469977251945965,0.08719792160277315
compas,sgd_lr,0.25,0.21221594109394043,0.005632774136115034,0.08642836866377394
compas,mlp_one_layer,0.25,0.21180544887878447,0.005610990511007854,0.09162885875590562
compas,mlp_two_layer,0.25,0.23471791248067017,0.006891592877360285,0.09259202447746283
compas,sgd_lr,0.27,0.2168627812426393,0.005882317079168911,0.08805219280843316
compas,mlp_one_layer,0.27,0.23302559218409166,0.006792499235545487,0.08966581443635406
compas,mlp_two_layer,0.27,0.24866952731096026,0.007735939811461639,0.08647479797864151
compas,sgd_lr,0.29000000000000004,0.20349660853209348,0.005179153330969021,0.07985435929318073
compas,mlp_one_layer,0.29000000000000004,0.21607507996490763,0.005839634790439365,0.08373822937565596
compas,mlp_two_layer,0.29000000000000004,0.23636585524047504,0.006988779214944792,0.08234318380938027
compas,sgd_lr,0.31000000000000005,0.19777617335914055,0.004891910269809487,0.06729199471000023
compas,mlp_one_layer,0.31000000000000005,0.2204445605087714,0.006078362955161452,0.07142731312852964
compas,mlp_two_layer,0.31000000000000005,0.22506921188908346,0.006336252779667323,0.06935292143751748
compas,sgd_lr,0.32999999999999996,0.20143817355713267,0.005074846715795181,0.057225168756382
compas,mlp_one_layer,0.32999999999999996,0.21128401282169448,0.005583380387907731,0.05543226720796143
compas,mlp_two_layer,0.32999999999999996,0.21402773937414016,0.005729426167353486,0.05145465598742865
compas,sgd_lr,0.35,0.23556961982105612,0.006941736595566139,0.07427478709966379
compas,mlp_one_layer,0.35,0.25085853465373575,0.007872856272752905,0.08144907290622228
compas,mlp_two_layer,0.35,0.26102611105990625,0.008524599098111233,0.08090774840368528
compas,sgd_lr,0.37,0.19423365114476981,0.004718142980466463,0.06383339120691002
compas,mlp_one_layer,0.37,0.217875783860914,0.005937436423912725,0.06801660756209156
compas,mlp_two_layer,0.37,0.231771926770237,0.006719554729633675,0.06799063968074509
compas,sgd_lr,0.39,0.1948523764170942,0.004748265759831647,0.06097486261705989
compas,mlp_one_layer,0.39,0.2176982737138195,0.005927759157501709,0.06338241706758972
compas,mlp_two_layer,0.39,0.223296670660645,0.006236773957138049,0.06500107468294548
compas,sgd_lr,0.41000000000000003,0.19467486626999975,0.004739613817651691,0.054494007971018464
compas,mlp_one_layer,0.41000000000000003,0.21577297134917955,0.005823306083139108,0.06017182192883571
compas,mlp_two_layer,0.41000000000000003,0.21864983051194609,0.00597972732010762,0.05937853559429458
compas,sgd_lr,0.43000000000000005,0.19086863907749346,0.0045559974487903296,0.05600798863784081
compas,mlp_one_layer,0.43000000000000005,0.22286398967710225,0.006212610735571239,0.06171387478067949
compas,mlp_two_layer,0.43000000000000005,0.22200118795252283,0.006164567562966735,0.05904911477818431
compas,sgd_lr,0.44999999999999996,0.18864378833963152,0.004450350685167238,0.05838414508591543
compas,mlp_one_layer,0.44999999999999996,0.19483872179039463,0.004747599945267663,0.06092770705663216
compas,mlp_two_layer,0.44999999999999996,0.19762682587961394,0.004884520951226398,0.059305162648429756
compas,sgd_lr,0.47,0.20137758115115323,0.005071792434208045,0.048952608682423106
compas,mlp_one_layer,0.47,0.209486722582363,0.00548873642681748,0.05219348443326725
compas,mlp_two_layer,0.47,0.21230810982416254,0.005637671074702932,0.04677150967219557
compas,sgd_lr,0.49,0.18345332336545578,0.004208707197182502,0.044904839700803514
compas,mlp_one_layer,0.49,0.19728289996961845,0.004867525680759106,0.046173089414850585
compas,mlp_two_layer,0.49,0.19266934297349986,0.004642412477947517,0.04506615772961513
compas,sgd_lr,0.51,0.19430619134911126,0.00472166964864491,0.04273339962156208
compas,mlp_one_layer,0.51,0.18872998317067258,0.0044544205252204615,0.04570630618815683
compas,mlp_two_layer,0.51,0.18977029504234638,0.00450368759602288,0.0407794907836816
compas,sgd_lr,0.53,0.18487937844139263,0.004274424632763925,0.04174441925296068
compas,mlp_one_layer,0.53,0.19165121987021277,0.004593453276878795,0.04707319911444637
compas,mlp_two_layer,0.53,0.18403876548520015,0.0042356246595501214,0.0411207212028186
compas,sgd_lr,0.55,0.16584824247886099,0.0034393956722983733,0.040662478081646844
compas,mlp_one_layer,0.55,0.18641637735926347,0.0043458256178339014,0.04956696119864708
compas,mlp_two_layer,0.55,0.18076250849147096,0.004086093900492556,0.045588817245199746
compas,sgd_lr,0.5700000000000001,0.17672329923090313,0.003905444953684758,0.027804898590929817
compas,mlp_one_layer,0.5700000000000001,0.19558801943053383,0.00478420563813623,0.030532528912407177
compas,mlp_two_layer,0.5700000000000001,0.18353951819649694,0.004212664869762385,0.027066716984256643
compas,sgd_lr,0.5900000000000001,0.1580693723309472,0.003124212971624012,0.039209053009158654
compas,mlp_one_layer,0.5900000000000001,0.15284818444669745,0.00292116398900708,0.04345285716418095
compas,mlp_two_layer,0.5900000000000001,0.15645471272372258,0.003060690428224139,0.04005178206288146
compas,sgd_lr,0.61,0.16489412543822823,0.003399921222236325,0.033100010529075005
compas,mlp_one_layer,0.61,0.16277168440061318,0.0033129280322780194,0.03688708546035381
compas,mlp_two_layer,0.61,0.16267183494287252,0.003308863267356953,0.03261238405875142
compas,sgd_lr,0.63,0.1600364919898546,0.0032024842259896916,0.02547836785948631
compas,mlp_one_layer,0.63,0.13741248237699744,0.0023608080864329847,0.030206246910590383
compas,mlp_two_layer,0.63,0.14010073700847614,0.00245410792552118,0.025741760432800884
compas,sgd_lr,0.65,0.11885584469227595,0.00176612195231033,0.015378720353242954
compas,mlp_one_layer,0.65,0.13367282148965154,0.002234027024968453,0.017793436516494912
compas,mlp_two_layer,0.65,0.13350640572675043,0.0022284666133075537,0.009823304647545014
compas,sgd_lr,0.6699999999999999,0.10181657739954464,0.001295966855622261,0.018820589392552434
compas,mlp_one_layer,0.6699999999999999,0.10830252508184235,0.0014663657120561311,0.01872482378154537
compas,mlp_two_layer,0.6699999999999999,0.11656698789175979,0.0016987422911886076,0.011552291305993133
compas,sgd_lr,0.69,0.11555739893016004,0.0016694386010285018,0.01750006328592702
compas,mlp_one_layer,0.69,0.10894343912255378,0.0014837752910407604,0.028418709771838854
compas,mlp_two_layer,0.69,0.1126609112415129,0.0015867827281110694,0.021419367325759067
compas,sgd_lr,0.71,0.04913958783509298,0.0003018366280545699,0.013749791857098913
compas,mlp_one_layer,0.71,0.07436821749089406,0.0006913571624025337,0.016461463311877457
compas,mlp_two_layer,0.71,0.06693327325297582,0.000560022545027363,0.0009959984183855466
compas,sgd_lr,0.73,0.06376539985867458,0.0005082636601871238,0.019193071186562598
compas,mlp_one_layer,0.73,0.09646225690497412,0.0011632293103031723,0.026097433066985157
compas,mlp_two_layer,0.73,0.09180432237208169,0.0010535895766012955,0.02083465327555343
compas,sgd_lr,0.75,0.0504990766058695,0.000318769391039543,0.018461971807006008
compas,mlp_one_layer,0.75,0.0757942725668308,0.0007181278882099885,0.02377329910348605
compas,mlp_two_layer,0.75,0.07208789483206524,0.0006496065468936593,0.01571122316584458
compas,sgd_lr,0.77,0.03905820625996359,0.00019069009991715856,0.016389944923418363
compas,mlp_one_layer,0.77,0.053112230790500425,0.00035261473616728713,0.02285122485990675
compas,mlp_two_layer,0.77,0.05789220354952018,0.0004189428034574828,0.016892994901537187
compas,sgd_lr,0.79,0.06142960527887864,0.00047170727022392915,0.01848134182806347
compas,mlp_one_layer,0.79,0.08158980818663153,0.0008321590538788359,0.022273994387601182
compas,mlp_two_layer,0.79,0.07256239310987544,0.0006581870236649336,0.009549257568714936
compas,sgd_lr,0.81,0.04791920557381868,0.00028703008923511303,0.011208509074359876
compas,mlp_one_layer,0.81,0.044126633008011895,0.00024339277508410399,0.01081689505678835
compas,mlp_two_layer,0.81,0.0451558504954922,0.0002548793836437352,0.006789906508379449
compas,sgd_lr,0.83,0.0375630246363603,0.0001763697000534559,0.012169188545550087
compas,mlp_one_layer,0.83,0.03197828231623434,0.00012782352434832073,0.0107533933327021
compas,mlp_two_layer,0.83,0.02739800847269591,9.382895375371568e-05,0.002958842444120313
compas,sgd_lr,0.85,0.024429833993875882,7.460002725093943e-05,0.0005689490221299979
compas,mlp_one_layer,0.85,0.007348749406877242,6.750276401443795e-06,0.004836624762079795
compas,mlp_two_layer,0.85,0.007515165169778237,7.059464438133278e-06,0.011466342704975001
compas,sgd_lr,0.87,0.019672050003243013,4.8372209804505804e-05,0.0031561964231568867
compas,mlp_one_layer,0.87,0.0002637049781355483,8.692226031671192e-09,0.005470943476826814
compas,mlp_two_layer,0.87,0.0035979941353377898,1.618137170957653e-06,0.012453306060387625
compas,sgd_lr,0.89,0.013099907489904083,2.1450224737963014e-05,0.012149143979411577
compas,mlp_one_layer,0.89,0.015358041380346132,2.948271292792711e-05,0.019385419003177935
compas,mlp_two_layer,0.89,0.009107636008616082,1.036826730888077e-05,0.020136971128520947
compas,sgd_lr,0.91,0.0028102928576061448,9.871827568891116e-07,0.0016958372091511148
compas,mlp_one_layer,0.91,0.0024552725634171546,7.535183137623406e-07,0.013511412529774532
compas,mlp_two_layer,0.91,0.0013065770923155196,2.1338527335146238e-07,0.05259125970927835
compas,sgd_lr,0.9299999999999999,0.0009293680297397522,1.07961725384315e-07,0.0009824030059545513
compas,mlp_one_layer,0.9299999999999999,0.0,0.0,0.0056343057736237155
compas,mlp_two_layer,0.9299999999999999,0.018199057148026387,4.139940787570321e-05,0.026625293780597553
compas,sgd_lr,0.95,0.0,0.0,0.003176000527651259
compas,mlp_one_layer,0.95,0.010067726948429834,1.2669451757502866e-05,0.0012002757686363007
compas,mlp_two_layer,0.95,0.006083989608829055,4.6267017501350805e-06,0.025356554673351746
